Rank,Layer_Name,Module_Type,Weight_RMSE,Relative_Error,Max_Error
1,lm_head,LM Head,0.0018891907529905438,0.12411940570546669,0.155517578125
2,model.layers.21.self_attn.v_proj,V projection,0.004913394805043936,0.16450321962572328,0.181640625
3,model.layers.20.self_attn.v_proj,V projection,0.0045781745575368404,0.1865578413476469,0.1220703125
4,model.layers.21.mlp.up_proj,MLP up,0.003575083566829562,0.17186372031826436,0.697021484375
5,model.layers.22.self_attn.v_proj,V projection,0.004515533801168203,0.16409817427531906,0.10205078125
6,model.layers.21.mlp.gate_proj,MLP gate,0.0031639570370316505,0.1530302834119274,0.51904296875
7,model.layers.23.self_attn.v_proj,V projection,0.0037772601936012506,0.14848742036816964,0.15576171875
8,model.layers.23.mlp.gate_proj,MLP gate,0.002597569255158305,0.12628641170433472,0.294921875
9,model.layers.23.self_attn.o_proj,O projection,0.005152237601578236,0.2526912185591522,0.84521484375
10,model.layers.20.mlp.gate_proj,MLP gate,0.003034366061910987,0.1459202732574378,0.4716796875
11,model.layers.23.mlp.up_proj,MLP up,0.002469110069796443,0.12103490885377893,0.23681640625
12,model.layers.22.mlp.gate_proj,MLP gate,0.002838936634361744,0.1415831491243417,0.700927734375
13,model.layers.11.self_attn.k_proj,K projection,0.003985579591244459,0.17024027254201216,0.13232421875
14,model.layers.16.self_attn.k_proj,K projection,0.003778585232794285,0.16703876858264008,0.126953125
15,model.layers.13.self_attn.k_proj,K projection,0.004540448542684317,0.18774258976823435,0.19140625
